Sample,Carbon,Guild,Scenario,Mu,K,Bloco,ABS-120,
3,Β-Methil-D-Glucoside,Carbohydates,Mu0.1K0.5,Mu0.1,k0.5,2,"1,064874888",
3,D-Galactonic Acid T-Lactose,Carboxylic Acids,Mu0.1K0.5,Mu0.1,k0.5,2,"1,151115894",
3,L-Arginine,Amino Acids,Mu0.1K0.5,Mu0.1,k0.5,2,"0,32822752",
3,L-Asparigine,Amino Acids,Mu0.1K0.5,Mu0.1,k0.5,2,"0,568086863",
3,D-Galactoronic Acid,Carboxylic Acids,Mu0.1K0.5,Mu0.1,k0.5,2,"0,481618166",
3,D-Xylose,Carbohydates,Mu0.1K0.5,Mu0.1,k0.5,2,"0,244659424",
3,Pyruvic Acid Methyl Ester,Miscellaneous,Mu0.1K0.5,Mu0.1,k0.5,2,"0,0059129",
3,Tween 40,Polymers,Mu0.1K0.5,Mu0.1,k0.5,2,"1,481138945",
3,I-Erythritol,Carbohydates,Mu0.1K0.5,Mu0.1,k0.5,2,"0,877517223",
3,2-Hydroxy Benzoic Acid,Carboxylic Acids,Mu0.1K0.5,Mu0.1,k0.5,2,0,
3,L-Phenylalanine,Amino Acids,Mu0.1K0.5,Mu0.1,k0.5,2,"0,046385408",
3,L-Serine,Amino Acids,Mu0.1K0.5,Mu0.1,k0.5,2,"0,869545698",
3,4-Hydroxy Benzoic Acid,Carboxylic Acids,Mu0.1K0.5,Mu0.1,k0.5,2,"1,31433177",
3,D-Mannitol,Carbohydates,Mu0.1K0.5,Mu0.1,k0.5,2,"0,72708869",
3,Tween 80,Polymers,Mu0.1K0.5,Mu0.1,k0.5,2,"0,99092412",
3,α-Cyclodextrin,Polymers,Mu0.1K0.5,Mu0.1,k0.5,2,"0,805562973",
3,N-Acetyl-D-Glucosamina,Carbohydates,Mu0.1K0.5,Mu0.1,k0.5,2,"1,645945788",
3,T-Hydroxybutiric Acid,Carboxylic Acids,Mu0.1K0.5,Mu0.1,k0.5,2,0,
3,L-Threonine,Amino Acids,Mu0.1K0.5,Mu0.1,k0.5,2,0,
3,Glycyl-L-Glutamic Acid,Amino Acids,Mu0.1K0.5,Mu0.1,k0.5,2,"1,119303942",
3,Itaconic Acid,Carboxylic Acids,Mu0.1K0.5,Mu0.1,k0.5,2,"0,901897192",
3,D-Glucosaminic Acid,Carboxylic Acids,Mu0.1K0.5,Mu0.1,k0.5,2,"0,854496718",
3,Glycogen,Polymers,Mu0.1K0.5,Mu0.1,k0.5,2,"0,171039224",
3,D-Cellobiose,Carbohydates,Mu0.1K0.5,Mu0.1,k0.5,2,"1,332125902",
3,Glucose-1-Phosphate,Miscellaneous,Mu0.1K0.5,Mu0.1,k0.5,2,"1,331054688",
3,α-Kentocutyric Acid,Carboxylic Acids,Mu0.1K0.5,Mu0.1,k0.5,2,"0,117106915",
3,Phenylethylamine,Amines/Amides,Mu0.1K0.5,Mu0.1,k0.5,2,0,
3,Putrescina,Amines/Amides,Mu0.1K0.5,Mu0.1,k0.5,2,"1,324614763",
3,D-Malic Acid,Carboxylic Acids,Mu0.1K0.5,Mu0.1,k0.5,2,0,
3,"D,L-α-Glycerolphosphate",Miscellaneous,Mu0.1K0.5,Mu0.1,k0.5,2,"0,466518641",
3,α-D-Lactose,Carbohydates,Mu0.1K0.5,Mu0.1,k0.5,2,"0,292440176",
6,Β-Methil-D-Glucoside,Carbohydates,Mu0.1K1,Mu0.1,k1,4,"0,957962036",
6,D-Galactonic Acid T-Lactose,Carboxylic Acids,Mu0.1K1,Mu0.1,k1,4,"1,005900145",
6,L-Arginine,Amino Acids,Mu0.1K1,Mu0.1,k1,4,"0,997314453",
6,L-Asparigine,Amino Acids,Mu0.1K1,Mu0.1,k1,4,"0,466345072",
6,D-Galactoronic Acid,Carboxylic Acids,Mu0.1K1,Mu0.1,k1,4,"0,341857195",
6,D-Xylose,Carbohydates,Mu0.1K1,Mu0.1,k1,4,"0,125373364",
6,Pyruvic Acid Methyl Ester,Miscellaneous,Mu0.1K1,Mu0.1,k1,4,0,
6,Tween 40,Polymers,Mu0.1K1,Mu0.1,k1,4,"1,479102373",
6,I-Erythritol,Carbohydates,Mu0.1K1,Mu0.1,k1,4,"1,343325853",
6,2-Hydroxy Benzoic Acid,Carboxylic Acids,Mu0.1K1,Mu0.1,k1,4,0,
6,L-Phenylalanine,Amino Acids,Mu0.1K1,Mu0.1,k1,4,"1,187239885",
6,L-Serine,Amino Acids,Mu0.1K1,Mu0.1,k1,4,"1,097496986",
6,4-Hydroxy Benzoic Acid,Carboxylic Acids,Mu0.1K1,Mu0.1,k1,4,"1,292246103",
6,D-Mannitol,Carbohydates,Mu0.1K1,Mu0.1,k1,4,"1,06826663",
6,Tween 80,Polymers,Mu0.1K1,Mu0.1,k1,4,"0,905177355",
6,α-Cyclodextrin,Polymers,Mu0.1K1,Mu0.1,k1,4,"1,336884737",
6,N-Acetyl-D-Glucosamina,Carbohydates,Mu0.1K1,Mu0.1,k1,4,"1,390667677",
6,T-Hydroxybutiric Acid,Carboxylic Acids,Mu0.1K1,Mu0.1,k1,4,"0,047780275",
6,L-Threonine,Amino Acids,Mu0.1K1,Mu0.1,k1,4,"0,280509949",
6,Glycyl-L-Glutamic Acid,Amino Acids,Mu0.1K1,Mu0.1,k1,4,"0,794101715",
6,Itaconic Acid,Carboxylic Acids,Mu0.1K1,Mu0.1,k1,4,"0,438174009",
6,D-Glucosaminic Acid,Carboxylic Acids,Mu0.1K1,Mu0.1,k1,4,"0,234009981",
6,Glycogen,Polymers,Mu0.1K1,Mu0.1,k1,4,0,
6,D-Cellobiose,Carbohydates,Mu0.1K1,Mu0.1,k1,4,"1,562458277",
6,Glucose-1-Phosphate,Miscellaneous,Mu0.1K1,Mu0.1,k1,4,"1,063070536",
6,α-Kentocutyric Acid,Carboxylic Acids,Mu0.1K1,Mu0.1,k1,4,"0,264391422",
6,Phenylethylamine,Amines/Amides,Mu0.1K1,Mu0.1,k1,4,"1,007117033",
6,Putrescina,Amines/Amides,Mu0.1K1,Mu0.1,k1,4,"1,52495122",
6,D-Malic Acid,Carboxylic Acids,Mu0.1K1,Mu0.1,k1,4,0,
6,"D,L-α-Glycerolphosphate",Miscellaneous,Mu0.1K1,Mu0.1,k1,4,"0,067649126",
6,α-D-Lactose,Carbohydates,Mu0.1K1,Mu0.1,k1,4,"0,209195852",
12,Β-Methil-D-Glucoside,Carbohydates,Mu1K0.5,Mu1,k0.5,2,"0,445473195",
12,D-Galactonic Acid T-Lactose,Carboxylic Acids,Mu1K0.5,Mu1,k0.5,2,0,
12,L-Arginine,Amino Acids,Mu1K0.5,Mu1,k0.5,2,"0,031705738",
12,L-Asparigine,Amino Acids,Mu1K0.5,Mu1,k0.5,2,"0,738281727",
12,D-Galactoronic Acid,Carboxylic Acids,Mu1K0.5,Mu1,k0.5,2,"0,883604527",
12,D-Xylose,Carbohydates,Mu1K0.5,Mu1,k0.5,2,"0,88298893",
12,Pyruvic Acid Methyl Ester,Miscellaneous,Mu1K0.5,Mu1,k0.5,2,"0,733647347",
12,Tween 40,Polymers,Mu1K0.5,Mu1,k0.5,2,"0,745339871",
12,I-Erythritol,Carbohydates,Mu1K0.5,Mu1,k0.5,2,"0,08161974",
12,2-Hydroxy Benzoic Acid,Carboxylic Acids,Mu1K0.5,Mu1,k0.5,2,0,
12,L-Phenylalanine,Amino Acids,Mu1K0.5,Mu1,k0.5,2,"0,000954152",
12,L-Serine,Amino Acids,Mu1K0.5,Mu1,k0.5,2,"0,883825303",
12,4-Hydroxy Benzoic Acid,Carboxylic Acids,Mu1K0.5,Mu1,k0.5,2,"1,380172491",
12,D-Mannitol,Carbohydates,Mu1K0.5,Mu1,k0.5,2,"0,431494236",
12,Tween 80,Polymers,Mu1K0.5,Mu1,k0.5,2,"1,171122075",
12,α-Cyclodextrin,Polymers,Mu1K0.5,Mu1,k0.5,2,"0,549820185",
12,N-Acetyl-D-Glucosamina,Carbohydates,Mu1K0.5,Mu1,k0.5,2,"1,273690463",
12,T-Hydroxybutiric Acid,Carboxylic Acids,Mu1K0.5,Mu1,k0.5,2,0,
12,L-Threonine,Amino Acids,Mu1K0.5,Mu1,k0.5,2,"0,087380648",
12,Glycyl-L-Glutamic Acid,Amino Acids,Mu1K0.5,Mu1,k0.5,2,"1,278427363",
12,Itaconic Acid,Carboxylic Acids,Mu1K0.5,Mu1,k0.5,2,"1,546519757",
12,D-Glucosaminic Acid,Carboxylic Acids,Mu1K0.5,Mu1,k0.5,2,0,
12,Glycogen,Polymers,Mu1K0.5,Mu1,k0.5,2,"0,559312821",
12,D-Cellobiose,Carbohydates,Mu1K0.5,Mu1,k0.5,2,"1,465516091",
12,Glucose-1-Phosphate,Miscellaneous,Mu1K0.5,Mu1,k0.5,2,"0,572883845",
12,α-Kentocutyric Acid,Carboxylic Acids,Mu1K0.5,Mu1,k0.5,2,0,
12,Phenylethylamine,Amines/Amides,Mu1K0.5,Mu1,k0.5,2,"0,319143296",
12,Putrescina,Amines/Amides,Mu1K0.5,Mu1,k0.5,2,"1,529369593",
12,D-Malic Acid,Carboxylic Acids,Mu1K0.5,Mu1,k0.5,2,"0,342317939",
12,"D,L-α-Glycerolphosphate",Miscellaneous,Mu1K0.5,Mu1,k0.5,2,"1,088227988",
12,α-D-Lactose,Carbohydates,Mu1K0.5,Mu1,k0.5,2,"0,906669856",
13,Β-Methil-D-Glucoside,Carbohydates,Mu1K1,Mu1,k1,3,"1,35396123",
13,D-Galactonic Acid T-Lactose,Carboxylic Acids,Mu1K1,Mu1,k1,3,"1,094531775",
13,L-Arginine,Amino Acids,Mu1K1,Mu1,k1,3,"1,116319418",
13,L-Asparigine,Amino Acids,Mu1K1,Mu1,k1,3,"0,830317736",
13,D-Galactoronic Acid,Carboxylic Acids,Mu1K1,Mu1,k1,3,"0,67550683",
13,D-Xylose,Carbohydates,Mu1K1,Mu1,k1,3,"0,471320868",
13,Pyruvic Acid Methyl Ester,Miscellaneous,Mu1K1,Mu1,k1,3,"0,2275877",
13,Tween 40,Polymers,Mu1K1,Mu1,k1,3,"1,35688901",
13,I-Erythritol,Carbohydates,Mu1K1,Mu1,k1,3,"0,843707323",
13,2-Hydroxy Benzoic Acid,Carboxylic Acids,Mu1K1,Mu1,k1,3,0,
13,L-Phenylalanine,Amino Acids,Mu1K1,Mu1,k1,3,"0,572726488",
13,L-Serine,Amino Acids,Mu1K1,Mu1,k1,3,"1,422779799",
13,4-Hydroxy Benzoic Acid,Carboxylic Acids,Mu1K1,Mu1,k1,3,"1,615674496",
13,D-Mannitol,Carbohydates,Mu1K1,Mu1,k1,3,"1,398216486",
13,Tween 80,Polymers,Mu1K1,Mu1,k1,3,"1,452248335",
13,α-Cyclodextrin,Polymers,Mu1K1,Mu1,k1,3,"1,424615622",
13,N-Acetyl-D-Glucosamina,Carbohydates,Mu1K1,Mu1,k1,3,"1,860855341",
13,T-Hydroxybutiric Acid,Carboxylic Acids,Mu1K1,Mu1,k1,3,0,
13,L-Threonine,Amino Acids,Mu1K1,Mu1,k1,3,"0,67456007",
13,Glycyl-L-Glutamic Acid,Amino Acids,Mu1K0.5,Mu1,k0.5,3,"0,281668544",
13,Itaconic Acid,Carboxylic Acids,Mu1K0.5,Mu1,k0.5,3,"1,380622626",
13,D-Glucosaminic Acid,Carboxylic Acids,Mu1K0.5,Mu1,k0.5,3,"0,949888945",
13,Glycogen,Polymers,Mu1K0.5,Mu1,k0.5,3,"0,369596482",
13,D-Cellobiose,Carbohydates,Mu1K0.5,Mu1,k0.5,3,"2,018458843",
13,Glucose-1-Phosphate,Miscellaneous,Mu1K0.5,Mu1,k0.5,3,"1,281746626",
13,α-Kentocutyric Acid,Carboxylic Acids,Mu1K0.5,Mu1,k0.5,3,"0,951985121",
13,Phenylethylamine,Amines/Amides,Mu1K0.5,Mu1,k0.5,3,"0,394655943",
13,Putrescina,Amines/Amides,Mu1K1,Mu1,k1,3,"1,975622177",
13,D-Malic Acid,Carboxylic Acids,Mu1K1,Mu1,k1,3,"0,224601031",
13,"D,L-α-Glycerolphosphate",Miscellaneous,Mu1K1,Mu1,k1,3,"0,867522955",
13,α-D-Lactose,Carbohydates,Mu1K1,Mu1,k1,3,"0,877973914",
14,Β-Methil-D-Glucoside,Carbohydates,Mu1K0.5,Mu1,k0.5,4,"0,503103495",
14,D-Galactonic Acid T-Lactose,Carboxylic Acids,Mu1K0.5,Mu1,k0.5,4,"0,171624422",
14,L-Arginine,Amino Acids,Mu1K0.5,Mu1,k0.5,4,"0,1172297",
14,L-Asparigine,Amino Acids,Mu1K0.5,Mu1,k0.5,4,"0,735864639",
14,D-Galactoronic Acid,Carboxylic Acids,Mu1K0.5,Mu1,k0.5,4,"0,337320805",
14,D-Xylose,Carbohydates,Mu1K0.5,Mu1,k0.5,4,"0,966530085",
14,Pyruvic Acid Methyl Ester,Miscellaneous,Mu1K0.5,Mu1,k0.5,4,"0,812914133",
14,Tween 40,Polymers,Mu1K0.5,Mu1,k0.5,4,"0,912540674",
14,I-Erythritol,Carbohydates,Mu1K0.5,Mu1,k0.5,4,"0,229932189",
14,2-Hydroxy Benzoic Acid,Carboxylic Acids,Mu1K0.5,Mu1,k0.5,4,0,
14,L-Phenylalanine,Amino Acids,Mu1K0.5,Mu1,k0.5,4,"0,312694788",
14,L-Serine,Amino Acids,Mu1K0.5,Mu1,k0.5,4,"1,256931067",
14,4-Hydroxy Benzoic Acid,Carboxylic Acids,Mu1K0.5,Mu1,k0.5,4,"1,410543204",
14,D-Mannitol,Carbohydates,Mu1K0.5,Mu1,k0.5,4,"1,298214674",
14,Tween 80,Polymers,Mu1K0.5,Mu1,k0.5,4,"1,15482378",
14,α-Cyclodextrin,Polymers,Mu1K0.5,Mu1,k0.5,4,"0,958338022",
14,N-Acetyl-D-Glucosamina,Carbohydates,Mu1K0.5,Mu1,k0.5,4,"1,391165972",
14,T-Hydroxybutiric Acid,Carboxylic Acids,Mu1K0.5,Mu1,k0.5,4,0,
14,L-Threonine,Amino Acids,Mu1K0.5,Mu1,k0.5,4,0,
14,Glycyl-L-Glutamic Acid,Amino Acids,Mu1K0.5,Mu1,k0.5,4,"0,630431414",
14,Itaconic Acid,Carboxylic Acids,Mu1K0.5,Mu1,k0.5,4,"0,442092776",
14,D-Glucosaminic Acid,Carboxylic Acids,Mu1K0.5,Mu1,k0.5,4,"0,729902506",
14,Glycogen,Polymers,Mu1K0.5,Mu1,k0.5,4,0,
14,D-Cellobiose,Carbohydates,Mu1K0.5,Mu1,k0.5,4,"1,241969109",
14,Glucose-1-Phosphate,Miscellaneous,Mu1K0.5,Mu1,k0.5,4,"0,432974816",
14,α-Kentocutyric Acid,Carboxylic Acids,Mu1K0.5,Mu1,k0.5,4,0,
14,Phenylethylamine,Amines/Amides,Mu1K0.5,Mu1,k0.5,4,0,
14,Putrescina,Amines/Amides,Mu1K0.5,Mu1,k0.5,4,"1,538822889",
14,D-Malic Acid,Carboxylic Acids,Mu1K0.5,Mu1,k0.5,4,0,
14,"D,L-α-Glycerolphosphate",Miscellaneous,Mu1K0.5,Mu1,k0.5,4,"0,753544569",
14,α-D-Lactose,Carbohydates,Mu1K0.5,Mu1,k0.5,4,"0,760020971",
15,Β-Methil-D-Glucoside,Carbohydates,Mu0.1K1,Mu0.1,k1,2,0,
15,D-Galactonic Acid T-Lactose,Carboxylic Acids,Mu0.1K1,Mu0.1,k1,2,0,
15,L-Arginine,Amino Acids,Mu0.1K1,Mu0.1,k1,2,0,
15,L-Asparigine,Amino Acids,Mu0.1K1,Mu0.1,k1,2,"0,915719509",
15,D-Galactoronic Acid,Carboxylic Acids,Mu0.1K1,Mu0.1,k1,2,0,
15,D-Xylose,Carbohydates,Mu0.1K1,Mu0.1,k1,2,"1,135875702",
15,Pyruvic Acid Methyl Ester,Miscellaneous,Mu0.1K1,Mu0.1,k1,2,"0,933384895",
15,Tween 40,Polymers,Mu0.1K1,Mu0.1,k1,2,"1,133318186",
15,I-Erythritol,Carbohydates,Mu0.1K1,Mu0.1,k1,2,"0,84537673",
15,2-Hydroxy Benzoic Acid,Carboxylic Acids,Mu0.1K1,Mu0.1,k1,2,"0,601502895",
15,L-Phenylalanine,Amino Acids,Mu0.1K1,Mu0.1,k1,2,"0,828809499",
15,L-Serine,Amino Acids,Mu0.1K1,Mu0.1,k1,2,"1,304996013",
15,4-Hydroxy Benzoic Acid,Carboxylic Acids,Mu0.1K1,Mu0.1,k1,2,"1,021632671",
15,D-Mannitol,Carbohydates,Mu0.1K1,Mu0.1,k1,2,"0,097834587",
15,Tween 80,Polymers,Mu0.1K1,Mu0.1,k1,2,0,
15,α-Cyclodextrin,Polymers,Mu0.1K1,Mu0.1,k1,2,"0,626988291",
15,N-Acetyl-D-Glucosamina,Carbohydates,Mu0.1K1,Mu0.1,k1,2,"1,194322586",
15,T-Hydroxybutiric Acid,Carboxylic Acids,Mu0.1K1,Mu0.1,k1,2,0,
15,L-Threonine,Amino Acids,Mu0.1K1,Mu0.1,k1,2,0,
15,Glycyl-L-Glutamic Acid,Amino Acids,Mu0.1K1,Mu0.1,k1,2,"0,832103491",
15,Itaconic Acid,Carboxylic Acids,Mu0.1K1,Mu0.1,k1,2,"1,514374733",
15,D-Glucosaminic Acid,Carboxylic Acids,Mu0.1K1,Mu0.1,k1,2,"0,917180061",
15,Glycogen,Polymers,Mu0.1K1,Mu0.1,k1,2,"0,283220649",
15,D-Cellobiose,Carbohydates,Mu0.1K1,Mu0.1,k1,2,"1,260971069",
15,Glucose-1-Phosphate,Miscellaneous,Mu0.1K1,Mu0.1,k1,2,"0,38981688",
15,α-Kentocutyric Acid,Carboxylic Acids,Mu0.1K1,Mu0.1,k1,2,0,
15,Phenylethylamine,Amines/Amides,Mu0.1K1,Mu0.1,k1,2,"0,511065006",
15,Putrescina,Amines/Amides,Mu0.1K1,Mu0.1,k1,2,"1,417843342",
15,D-Malic Acid,Carboxylic Acids,Mu0.1K1,Mu0.1,k1,2,"0,015654087",
15,"D,L-α-Glycerolphosphate",Miscellaneous,Mu0.1K1,Mu0.1,k1,2,"1,027718305",
15,α-D-Lactose,Carbohydates,Mu0.1K1,Mu0.1,k1,2,"0,422487139",
16,Β-Methil-D-Glucoside,Carbohydates,Mu1K1,Mu1,k1,3,"0,441088676",
16,D-Galactonic Acid T-Lactose,Carboxylic Acids,Mu1K1,Mu1,k1,3,"0,089493632",
16,L-Arginine,Amino Acids,Mu1K1,Mu1,k1,3,"0,028216362",
16,L-Asparigine,Amino Acids,Mu1K1,Mu1,k1,3,"0,986008167",
16,D-Galactoronic Acid,Carboxylic Acids,Mu1K1,Mu1,k1,3,"0,899927616",
16,D-Xylose,Carbohydates,Mu1K1,Mu1,k1,3,"0,719693422",
16,Pyruvic Acid Methyl Ester,Miscellaneous,Mu1K1,Mu1,k1,3,"0,695498943",
16,Tween 40,Polymers,Mu1K1,Mu1,k1,3,"0,85505867",
16,I-Erythritol,Carbohydates,Mu1K1,Mu1,k1,3,"0,272767782",
16,2-Hydroxy Benzoic Acid,Carboxylic Acids,Mu1K1,Mu1,k1,3,0,
16,L-Phenylalanine,Amino Acids,Mu1K1,Mu1,k1,3,0,
16,L-Serine,Amino Acids,Mu1K1,Mu1,k1,3,"1,034279346",
16,4-Hydroxy Benzoic Acid,Carboxylic Acids,Mu1K1,Mu1,k1,3,"1,29050827",
16,D-Mannitol,Carbohydates,Mu1K1,Mu1,k1,3,"0,53125143",
16,Tween 80,Polymers,Mu1K1,Mu1,k1,3,"0,900413513",
16,α-Cyclodextrin,Polymers,Mu1K1,Mu1,k1,3,"0,801234484",
16,N-Acetyl-D-Glucosamina,Carbohydates,Mu1K1,Mu1,k1,3,"1,309813022",
16,T-Hydroxybutiric Acid,Carboxylic Acids,Mu1K1,Mu1,k1,3,0,
16,L-Threonine,Amino Acids,Mu1K1,Mu1,k1,3,0,
16,Glycyl-L-Glutamic Acid,Amino Acids,Mu1K0.5,Mu1,k0.5,3,"0,941200733",
16,Itaconic Acid,Carboxylic Acids,Mu1K0.5,Mu1,k0.5,3,"1,209545851",
16,D-Glucosaminic Acid,Carboxylic Acids,Mu1K0.5,Mu1,k0.5,3,"0,544782638",
16,Glycogen,Polymers,Mu1K0.5,Mu1,k0.5,3,"0,358753204",
16,D-Cellobiose,Carbohydates,Mu1K0.5,Mu1,k0.5,3,"1,294110775",
16,Glucose-1-Phosphate,Miscellaneous,Mu1K0.5,Mu1,k0.5,3,"0,508105278",
16,α-Kentocutyric Acid,Carboxylic Acids,Mu1K0.5,Mu1,k0.5,3,"0,168566704",
16,Phenylethylamine,Amines/Amides,Mu1K0.5,Mu1,k0.5,3,"0,109196186",
16,Putrescina,Amines/Amides,Mu1K1,Mu1,k1,3,"1,497849464",
16,D-Malic Acid,Carboxylic Acids,Mu1K1,Mu1,k1,3,0,
16,"D,L-α-Glycerolphosphate",Miscellaneous,Mu1K1,Mu1,k1,3,"1,070278168",
16,α-D-Lactose,Carbohydates,Mu1K1,Mu1,k1,3,"0,246718764",
22,Β-Methil-D-Glucoside,Carbohydates,Mu1K1,Mu1,k1,4,0,
22,D-Galactonic Acid T-Lactose,Carboxylic Acids,Mu1K1,Mu1,k1,4,0,
22,L-Arginine,Amino Acids,Mu1K1,Mu1,k1,4,0,
22,L-Asparigine,Amino Acids,Mu1K1,Mu1,k1,4,"1,408812881",
22,D-Galactoronic Acid,Carboxylic Acids,Mu1K1,Mu1,k1,4,"1,441639543",
22,D-Xylose,Carbohydates,Mu1K1,Mu1,k1,4,"1,301115155",
22,Pyruvic Acid Methyl Ester,Miscellaneous,Mu1K1,Mu1,k1,4,"1,422342658",
22,Tween 40,Polymers,Mu1K1,Mu1,k1,4,"1,205157399",
22,I-Erythritol,Carbohydates,Mu1K1,Mu1,k1,4,"0,866970658",
22,2-Hydroxy Benzoic Acid,Carboxylic Acids,Mu1K1,Mu1,k1,4,"0,667574167",
22,L-Phenylalanine,Amino Acids,Mu1K1,Mu1,k1,4,"1,007564187",
22,L-Serine,Amino Acids,Mu1K1,Mu1,k1,4,"1,555175185",
22,4-Hydroxy Benzoic Acid,Carboxylic Acids,Mu1K1,Mu1,k1,4,"1,612143636",
22,D-Mannitol,Carbohydates,Mu1K1,Mu1,k1,4,"1,530346274",
22,Tween 80,Polymers,Mu1K1,Mu1,k1,4,"1,439939141",
22,α-Cyclodextrin,Polymers,Mu1K1,Mu1,k1,4,"0,783563972",
22,N-Acetyl-D-Glucosamina,Carbohydates,Mu1K1,Mu1,k1,4,"1,219688535",
22,T-Hydroxybutiric Acid,Carboxylic Acids,Mu1K1,Mu1,k1,4,0,
22,L-Threonine,Amino Acids,Mu1K1,Mu1,k1,4,0,
22,Glycyl-L-Glutamic Acid,Amino Acids,Mu1K1,Mu1,k1,4,"1,376668096",
22,Itaconic Acid,Carboxylic Acids,Mu1K1,Mu1,k1,4,"1,606331945",
22,D-Glucosaminic Acid,Carboxylic Acids,Mu1K1,Mu1,k1,4,"1,120515704",
22,Glycogen,Polymers,Mu1K1,Mu1,k1,4,"0,909643293",
22,D-Cellobiose,Carbohydates,Mu1K1,Mu1,k1,4,"1,577720285",
22,Glucose-1-Phosphate,Miscellaneous,Mu1K1,Mu1,k1,4,"0,372627616",
22,α-Kentocutyric Acid,Carboxylic Acids,Mu1K1,Mu1,k1,4,"0,340693355",
22,Phenylethylamine,Amines/Amides,Mu1K1,Mu1,k1,4,"0,321322203",
22,Putrescina,Amines/Amides,Mu1K1,Mu1,k1,4,"1,629091144",
22,D-Malic Acid,Carboxylic Acids,Mu1K1,Mu1,k1,4,"0,633611322",
22,"D,L-α-Glycerolphosphate",Miscellaneous,Mu1K1,Mu1,k1,4,"1,176188111",
22,α-D-Lactose,Carbohydates,Mu1K1,Mu1,k1,4,"1,187029004",
23,Β-Methil-D-Glucoside,Carbohydates,Mu0.1K1,Mu0.1,k1,2,"0,968775272",
23,D-Galactonic Acid T-Lactose,Carboxylic Acids,Mu0.1K1,Mu0.1,k1,2,"0,811480045",
23,L-Arginine,Amino Acids,Mu0.1K1,Mu0.1,k1,2,"0,427469253",
23,L-Asparigine,Amino Acids,Mu0.1K1,Mu0.1,k1,2,"0,575953245",
23,D-Galactoronic Acid,Carboxylic Acids,Mu0.1K1,Mu0.1,k1,2,"0,359148383",
23,D-Xylose,Carbohydates,Mu0.1K1,Mu0.1,k1,2,"0,248505592",
23,Pyruvic Acid Methyl Ester,Miscellaneous,Mu0.1K1,Mu0.1,k1,2,"0,020227909",
23,Tween 40,Polymers,Mu0.1K1,Mu0.1,k1,2,"0,396554708",
23,I-Erythritol,Carbohydates,Mu0.1K1,Mu0.1,k1,2,0,
23,2-Hydroxy Benzoic Acid,Carboxylic Acids,Mu0.1K1,Mu0.1,k1,2,"0,000254869",
23,L-Phenylalanine,Amino Acids,Mu0.1K1,Mu0.1,k1,2,"0,083915591",
23,L-Serine,Amino Acids,Mu0.1K1,Mu0.1,k1,2,"1,215929031",
23,4-Hydroxy Benzoic Acid,Carboxylic Acids,Mu0.1K1,Mu0.1,k1,2,"1,141135216",
23,D-Mannitol,Carbohydates,Mu0.1K1,Mu0.1,k1,2,"0,301437378",
23,Tween 80,Polymers,Mu0.1K1,Mu0.1,k1,2,"1,140696525",
23,α-Cyclodextrin,Polymers,Mu0.1K1,Mu0.1,k1,2,"0,582280636",
23,N-Acetyl-D-Glucosamina,Carbohydates,Mu0.1K1,Mu0.1,k1,2,"1,793678284",
23,T-Hydroxybutiric Acid,Carboxylic Acids,Mu0.1K1,Mu0.1,k1,2,0,
23,L-Threonine,Amino Acids,Mu0.1K1,Mu0.1,k1,2,0,
23,Glycyl-L-Glutamic Acid,Amino Acids,Mu0.1K1,Mu0.1,k1,2,"1,19038558",
23,Itaconic Acid,Carboxylic Acids,Mu0.1K1,Mu0.1,k1,2,"1,193935156",
23,D-Glucosaminic Acid,Carboxylic Acids,Mu0.1K1,Mu0.1,k1,2,"0,661443949",
23,Glycogen,Polymers,Mu0.1K1,Mu0.1,k1,2,"0,871449709",
23,D-Cellobiose,Carbohydates,Mu0.1K1,Mu0.1,k1,2,"1,494584083",
23,Glucose-1-Phosphate,Miscellaneous,Mu0.1K1,Mu0.1,k1,2,"1,016854286",
23,α-Kentocutyric Acid,Carboxylic Acids,Mu0.1K1,Mu0.1,k1,2,"0,048406243",
23,Phenylethylamine,Amines/Amides,Mu0.1K1,Mu0.1,k1,2,0,
23,Putrescina,Amines/Amides,Mu0.1K1,Mu0.1,k1,2,"1,639187336",
23,D-Malic Acid,Carboxylic Acids,Mu0.1K1,Mu0.1,k1,2,"0,15199399",
23,"D,L-α-Glycerolphosphate",Miscellaneous,Mu0.1K1,Mu0.1,k1,2,"0,550613642",
23,α-D-Lactose,Carbohydates,Mu0.1K1,Mu0.1,k1,2,"0,783457279",
24,Β-Methil-D-Glucoside,Carbohydates,Mu1K0.5,Mu1,k0.5,2,"0,334338427",
24,D-Galactonic Acid T-Lactose,Carboxylic Acids,Mu1K0.5,Mu1,k0.5,2,"0,082787156",
24,L-Arginine,Amino Acids,Mu1K0.5,Mu1,k0.5,2,0,
24,L-Asparigine,Amino Acids,Mu1K0.5,Mu1,k0.5,2,"0,103209972",
24,D-Galactoronic Acid,Carboxylic Acids,Mu1K0.5,Mu1,k0.5,2,"0,26693058",
24,D-Xylose,Carbohydates,Mu1K0.5,Mu1,k0.5,2,"0,560927868",
24,Pyruvic Acid Methyl Ester,Miscellaneous,Mu1K0.5,Mu1,k0.5,2,"0,597494841",
24,Tween 40,Polymers,Mu1K0.5,Mu1,k0.5,2,"0,252132893",
24,I-Erythritol,Carbohydates,Mu1K0.5,Mu1,k0.5,2,0,
24,2-Hydroxy Benzoic Acid,Carboxylic Acids,Mu1K0.5,Mu1,k0.5,2,0,
24,L-Phenylalanine,Amino Acids,Mu1K0.5,Mu1,k0.5,2,0,
24,L-Serine,Amino Acids,Mu1K0.5,Mu1,k0.5,2,0,
24,4-Hydroxy Benzoic Acid,Carboxylic Acids,Mu1K0.5,Mu1,k0.5,2,"1,269700289",
24,D-Mannitol,Carbohydates,Mu1K0.5,Mu1,k0.5,2,0,
24,Tween 80,Polymers,Mu1K0.5,Mu1,k0.5,2,"0,889089584",
24,α-Cyclodextrin,Polymers,Mu1K0.5,Mu1,k0.5,2,"0,127489567",
24,N-Acetyl-D-Glucosamina,Carbohydates,Mu1K0.5,Mu1,k0.5,2,"1,154367924",
24,T-Hydroxybutiric Acid,Carboxylic Acids,Mu1K0.5,Mu1,k0.5,2,0,
24,L-Threonine,Amino Acids,Mu1K0.5,Mu1,k0.5,2,0,
24,Glycyl-L-Glutamic Acid,Amino Acids,Mu1K0.5,Mu1,k0.5,2,"0,736547709",
24,Itaconic Acid,Carboxylic Acids,Mu1K0.5,Mu1,k0.5,2,0,
24,D-Glucosaminic Acid,Carboxylic Acids,Mu1K0.5,Mu1,k0.5,2,"0,170022368",
24,Glycogen,Polymers,Mu1K0.5,Mu1,k0.5,2,0,
24,D-Cellobiose,Carbohydates,Mu1K0.5,Mu1,k0.5,2,"1,180548668",
24,Glucose-1-Phosphate,Miscellaneous,Mu1K0.5,Mu1,k0.5,2,0,
24,α-Kentocutyric Acid,Carboxylic Acids,Mu1K0.5,Mu1,k0.5,2,0,
24,Phenylethylamine,Amines/Amides,Mu1K0.5,Mu1,k0.5,2,0,
24,Putrescina,Amines/Amides,Mu1K0.5,Mu1,k0.5,2,"0,618766308",
24,D-Malic Acid,Carboxylic Acids,Mu1K0.5,Mu1,k0.5,2,0,
24,"D,L-α-Glycerolphosphate",Miscellaneous,Mu1K0.5,Mu1,k0.5,2,0,
24,α-D-Lactose,Carbohydates,Mu1K0.5,Mu1,k0.5,2,"0,380443573",
26,Β-Methil-D-Glucoside,Carbohydates,Mu0.1K0.5,Mu0.1,k0.5,4,"0,676431299",
26,D-Galactonic Acid T-Lactose,Carboxylic Acids,Mu0.1K0.5,Mu0.1,k0.5,4,"0,463189245",
26,L-Arginine,Amino Acids,Mu0.1K0.5,Mu0.1,k0.5,4,"0,639645696",
26,L-Asparigine,Amino Acids,Mu0.1K0.5,Mu0.1,k0.5,4,"0,141974569",
26,D-Galactoronic Acid,Carboxylic Acids,Mu0.1K0.5,Mu0.1,k0.5,4,0,
26,D-Xylose,Carbohydates,Mu0.1K0.5,Mu0.1,k0.5,4,0,
26,Pyruvic Acid Methyl Ester,Miscellaneous,Mu0.1K0.5,Mu0.1,k0.5,4,0,
26,Tween 40,Polymers,Mu0.1K0.5,Mu0.1,k0.5,4,"1,033244253",
26,I-Erythritol,Carbohydates,Mu0.1K0.5,Mu0.1,k0.5,4,"0,777660966",
26,2-Hydroxy Benzoic Acid,Carboxylic Acids,Mu0.1K0.5,Mu0.1,k0.5,4,0,
26,L-Phenylalanine,Amino Acids,Mu0.1K0.5,Mu0.1,k0.5,4,"0,922241807",
26,L-Serine,Amino Acids,Mu0.1K0.5,Mu0.1,k0.5,4,"0,944289804",
26,4-Hydroxy Benzoic Acid,Carboxylic Acids,Mu0.1K0.5,Mu0.1,k0.5,4,"0,828541637",
26,D-Mannitol,Carbohydates,Mu0.1K0.5,Mu0.1,k0.5,4,"0,913904786",
26,Tween 80,Polymers,Mu0.1K0.5,Mu0.1,k0.5,4,"0,711564184",
26,α-Cyclodextrin,Polymers,Mu0.1K0.5,Mu0.1,k0.5,4,"0,97657311",
26,N-Acetyl-D-Glucosamina,Carbohydates,Mu0.1K0.5,Mu0.1,k0.5,4,"1,075941921",
26,T-Hydroxybutiric Acid,Carboxylic Acids,Mu0.1K0.5,Mu0.1,k0.5,4,0,
26,L-Threonine,Amino Acids,Mu0.1K0.5,Mu0.1,k0.5,4,"0,275823236",
26,Glycyl-L-Glutamic Acid,Amino Acids,Mu0.1K0.5,Mu0.1,k0.5,4,"0,330786825",
26,Itaconic Acid,Carboxylic Acids,Mu0.1K0.5,Mu0.1,k0.5,4,"0,895937562",
26,D-Glucosaminic Acid,Carboxylic Acids,Mu0.1K0.5,Mu0.1,k0.5,4,0,
26,Glycogen,Polymers,Mu0.1K0.5,Mu0.1,k0.5,4,0,
26,D-Cellobiose,Carbohydates,Mu0.1K0.5,Mu0.1,k0.5,4,"0,632887006",
26,Glucose-1-Phosphate,Miscellaneous,Mu0.1K0.5,Mu0.1,k0.5,4,"0,796246171",
26,α-Kentocutyric Acid,Carboxylic Acids,Mu0.1K0.5,Mu0.1,k0.5,4,"0,720985055",
26,Phenylethylamine,Amines/Amides,Mu0.1K0.5,Mu0.1,k0.5,4,"1,134805799",
26,Putrescina,Amines/Amides,Mu0.1K0.5,Mu0.1,k0.5,4,"1,227074743",
26,D-Malic Acid,Carboxylic Acids,Mu0.1K0.5,Mu0.1,k0.5,4,0,
26,"D,L-α-Glycerolphosphate",Miscellaneous,Mu0.1K0.5,Mu0.1,k0.5,4,"0,551248193",
26,α-D-Lactose,Carbohydates,Mu0.1K0.5,Mu0.1,k0.5,4,"0,188268304",
27,Β-Methil-D-Glucoside,Carbohydates,Mu1K0.5,Mu1,k0.5,3,0,
27,D-Galactonic Acid T-Lactose,Carboxylic Acids,Mu1K0.5,Mu1,k0.5,3,0,
27,L-Arginine,Amino Acids,Mu1K0.5,Mu1,k0.5,3,0,
27,L-Asparigine,Amino Acids,Mu1K0.5,Mu1,k0.5,3,"1,227694512",
27,D-Galactoronic Acid,Carboxylic Acids,Mu1K0.5,Mu1,k0.5,3,"1,377472401",
27,D-Xylose,Carbohydates,Mu1K0.5,Mu1,k0.5,3,"1,078798294",
27,Pyruvic Acid Methyl Ester,Miscellaneous,Mu1K0.5,Mu1,k0.5,3,"1,402264595",
27,Tween 40,Polymers,Mu1K0.5,Mu1,k0.5,3,"1,200135708",
27,I-Erythritol,Carbohydates,Mu1K0.5,Mu1,k0.5,3,"1,253809929",
27,2-Hydroxy Benzoic Acid,Carboxylic Acids,Mu1K0.5,Mu1,k0.5,3,"0,204558849",
27,L-Phenylalanine,Amino Acids,Mu1K0.5,Mu1,k0.5,3,"0,710873842",
27,L-Serine,Amino Acids,Mu1K0.5,Mu1,k0.5,3,"1,462647915",
27,4-Hydroxy Benzoic Acid,Carboxylic Acids,Mu1K0.5,Mu1,k0.5,3,"1,694601536",
27,D-Mannitol,Carbohydates,Mu1K0.5,Mu1,k0.5,3,"0,964537382",
27,Tween 80,Polymers,Mu1K0.5,Mu1,k0.5,3,"0,994232893",
27,α-Cyclodextrin,Polymers,Mu1K0.5,Mu1,k0.5,3,"0,911613464",
27,N-Acetyl-D-Glucosamina,Carbohydates,Mu1K0.5,Mu1,k0.5,3,"1,446085453",
27,T-Hydroxybutiric Acid,Carboxylic Acids,Mu1K0.5,Mu1,k0.5,3,0,
27,L-Threonine,Amino Acids,Mu1K0.5,Mu1,k0.5,3,0,
27,Glycyl-L-Glutamic Acid,Amino Acids,Mu1K0.5,Mu1,k0.5,3,"1,540572882",
27,Itaconic Acid,Carboxylic Acids,Mu1K0.5,Mu1,k0.5,3,"1,649279118",
27,D-Glucosaminic Acid,Carboxylic Acids,Mu1K0.5,Mu1,k0.5,3,"0,547962546",
27,Glycogen,Polymers,Mu1K0.5,Mu1,k0.5,3,"0,857372284",
27,D-Cellobiose,Carbohydates,Mu1K0.5,Mu1,k0.5,3,"1,727406025",
27,Glucose-1-Phosphate,Miscellaneous,Mu1K0.5,Mu1,k0.5,3,"0,763857842",
27,α-Kentocutyric Acid,Carboxylic Acids,Mu1K0.5,Mu1,k0.5,3,0,
27,Phenylethylamine,Amines/Amides,Mu1K0.5,Mu1,k0.5,3,"0,584486962",
27,Putrescina,Amines/Amides,Mu1K0.5,Mu1,k0.5,3,"1,672127009",
27,D-Malic Acid,Carboxylic Acids,Mu1K0.5,Mu1,k0.5,3,"0,710188866",
27,"D,L-α-Glycerolphosphate",Miscellaneous,Mu1K0.5,Mu1,k0.5,3,"0,674278259",
27,α-D-Lactose,Carbohydates,Mu1K0.5,Mu1,k0.5,3,"0,571171522",
28,Β-Methil-D-Glucoside,Carbohydates,Mu1K0.5,Mu1,k0.5,4,"0,850213051",
28,D-Galactonic Acid T-Lactose,Carboxylic Acids,Mu1K0.5,Mu1,k0.5,4,"0,476368905",
28,L-Arginine,Amino Acids,Mu1K0.5,Mu1,k0.5,4,"0,431557656",
28,L-Asparigine,Amino Acids,Mu1K0.5,Mu1,k0.5,4,"1,364484549",
28,D-Galactoronic Acid,Carboxylic Acids,Mu1K0.5,Mu1,k0.5,4,"1,074927092",
28,D-Xylose,Carbohydates,Mu1K0.5,Mu1,k0.5,4,"1,128287793",
28,Pyruvic Acid Methyl Ester,Miscellaneous,Mu1K0.5,Mu1,k0.5,4,"1,073738814",
28,Tween 40,Polymers,Mu1K0.5,Mu1,k0.5,4,"1,529816628",
28,I-Erythritol,Carbohydates,Mu1K0.5,Mu1,k0.5,4,"0,644044996",
28,2-Hydroxy Benzoic Acid,Carboxylic Acids,Mu1K0.5,Mu1,k0.5,4,0,
28,L-Phenylalanine,Amino Acids,Mu1K0.5,Mu1,k0.5,4,"0,717472792",
28,L-Serine,Amino Acids,Mu1K0.5,Mu1,k0.5,4,"1,452787877",
28,4-Hydroxy Benzoic Acid,Carboxylic Acids,Mu1K0.5,Mu1,k0.5,4,"1,618702889",
28,D-Mannitol,Carbohydates,Mu1K0.5,Mu1,k0.5,4,"1,548580647",
28,Tween 80,Polymers,Mu1K0.5,Mu1,k0.5,4,"1,42736435",
28,α-Cyclodextrin,Polymers,Mu1K0.5,Mu1,k0.5,4,"0,590590239",
28,N-Acetyl-D-Glucosamina,Carbohydates,Mu1K0.5,Mu1,k0.5,4,"1,765153408",
28,T-Hydroxybutiric Acid,Carboxylic Acids,Mu1K0.5,Mu1,k0.5,4,0,
28,L-Threonine,Amino Acids,Mu1K0.5,Mu1,k0.5,4,"0,644624472",
28,Glycyl-L-Glutamic Acid,Amino Acids,Mu1K0.5,Mu1,k0.5,4,"1,093313694",
28,Itaconic Acid,Carboxylic Acids,Mu1K0.5,Mu1,k0.5,4,"1,5249784",
28,D-Glucosaminic Acid,Carboxylic Acids,Mu1K0.5,Mu1,k0.5,4,"0,374149919",
28,Glycogen,Polymers,Mu1K0.5,Mu1,k0.5,4,"0,618323088",
28,D-Cellobiose,Carbohydates,Mu1K0.5,Mu1,k0.5,4,"1,733249188",
28,Glucose-1-Phosphate,Miscellaneous,Mu1K0.5,Mu1,k0.5,4,"0,004999876",
28,α-Kentocutyric Acid,Carboxylic Acids,Mu1K0.5,Mu1,k0.5,4,"0,212782503",
28,Phenylethylamine,Amines/Amides,Mu1K0.5,Mu1,k0.5,4,"0,171745062",
28,Putrescina,Amines/Amides,Mu1K0.5,Mu1,k0.5,4,"1,715322495",
28,D-Malic Acid,Carboxylic Acids,Mu1K0.5,Mu1,k0.5,4,0,
28,"D,L-α-Glycerolphosphate",Miscellaneous,Mu1K0.5,Mu1,k0.5,4,"0,873456002",
28,α-D-Lactose,Carbohydates,Mu1K0.5,Mu1,k0.5,4,"1,338749648",
29,Β-Methil-D-Glucoside,Carbohydates,Mu1K1,Mu1,k1,4,0,
29,D-Galactonic Acid T-Lactose,Carboxylic Acids,Mu1K1,Mu1,k1,4,0,
29,L-Arginine,Amino Acids,Mu1K1,Mu1,k1,4,0,
29,L-Asparigine,Amino Acids,Mu1K1,Mu1,k1,4,"1,27739656",
29,D-Galactoronic Acid,Carboxylic Acids,Mu1K1,Mu1,k1,4,"1,330093503",
29,D-Xylose,Carbohydates,Mu1K1,Mu1,k1,4,"1,235034585",
29,Pyruvic Acid Methyl Ester,Miscellaneous,Mu1K1,Mu1,k1,4,"1,386190295",
29,Tween 40,Polymers,Mu1K1,Mu1,k1,4,"0,952102065",
29,I-Erythritol,Carbohydates,Mu1K1,Mu1,k1,4,"0,495128512",
29,2-Hydroxy Benzoic Acid,Carboxylic Acids,Mu1K1,Mu1,k1,4,"0,639930368",
29,L-Phenylalanine,Amino Acids,Mu1K1,Mu1,k1,4,"0,744029403",
29,L-Serine,Amino Acids,Mu1K1,Mu1,k1,4,"1,435391784",
29,4-Hydroxy Benzoic Acid,Carboxylic Acids,Mu1K1,Mu1,k1,4,"1,631898522",
29,D-Mannitol,Carbohydates,Mu1K1,Mu1,k1,4,"1,671402812",
29,Tween 80,Polymers,Mu1K1,Mu1,k1,4,"1,438324332",
29,α-Cyclodextrin,Polymers,Mu1K1,Mu1,k1,4,"0,677295327",
29,N-Acetyl-D-Glucosamina,Carbohydates,Mu1K1,Mu1,k1,4,"1,475835681",
29,T-Hydroxybutiric Acid,Carboxylic Acids,Mu1K1,Mu1,k1,4,0,
29,L-Threonine,Amino Acids,Mu1K1,Mu1,k1,4,0,
29,Glycyl-L-Glutamic Acid,Amino Acids,Mu1K1,Mu1,k1,4,"1,516664386",
29,Itaconic Acid,Carboxylic Acids,Mu1K1,Mu1,k1,4,"1,386579156",
29,D-Glucosaminic Acid,Carboxylic Acids,Mu1K1,Mu1,k1,4,"1,046501994",
29,Glycogen,Polymers,Mu1K1,Mu1,k1,4,"0,875714421",
29,D-Cellobiose,Carbohydates,Mu1K1,Mu1,k1,4,"1,33547771",
29,Glucose-1-Phosphate,Miscellaneous,Mu1K1,Mu1,k1,4,"0,537093759",
29,α-Kentocutyric Acid,Carboxylic Acids,Mu1K1,Mu1,k1,4,"0,27587235",
29,Phenylethylamine,Amines/Amides,Mu1K1,Mu1,k1,4,0,
29,Putrescina,Amines/Amides,Mu1K1,Mu1,k1,4,"1,538820386",
29,D-Malic Acid,Carboxylic Acids,Mu1K1,Mu1,k1,4,"0,64877069",
29,"D,L-α-Glycerolphosphate",Miscellaneous,Mu1K1,Mu1,k1,4,"0,626937151",
29,α-D-Lactose,Carbohydates,Mu1K1,Mu1,k1,4,"1,569203258",
36,Β-Methil-D-Glucoside,Carbohydates,Mu0.1K0.5,Mu0.1,k0.5,2,0,
36,D-Galactonic Acid T-Lactose,Carboxylic Acids,Mu0.1K0.5,Mu0.1,k0.5,2,0,
36,L-Arginine,Amino Acids,Mu0.1K0.5,Mu0.1,k0.5,2,0,
36,L-Asparigine,Amino Acids,Mu0.1K0.5,Mu0.1,k0.5,2,"0,997605324",
36,D-Galactoronic Acid,Carboxylic Acids,Mu0.1K0.5,Mu0.1,k0.5,2,"1,267670393",
36,D-Xylose,Carbohydates,Mu0.1K0.5,Mu0.1,k0.5,2,"1,088103056",
36,Pyruvic Acid Methyl Ester,Miscellaneous,Mu0.1K0.5,Mu0.1,k0.5,2,"1,045915365",
36,Tween 40,Polymers,Mu0.1K0.5,Mu0.1,k0.5,2,"1,338505983",
36,I-Erythritol,Carbohydates,Mu0.1K0.5,Mu0.1,k0.5,2,"0,997237205",
36,2-Hydroxy Benzoic Acid,Carboxylic Acids,Mu0.1K0.5,Mu0.1,k0.5,2,"0,65128541",
36,L-Phenylalanine,Amino Acids,Mu0.1K0.5,Mu0.1,k0.5,2,"0,902329206",
36,L-Serine,Amino Acids,Mu0.1K0.5,Mu0.1,k0.5,2,"0,623856783",
36,4-Hydroxy Benzoic Acid,Carboxylic Acids,Mu0.1K0.5,Mu0.1,k0.5,2,"0,960657358",
36,D-Mannitol,Carbohydates,Mu0.1K0.5,Mu0.1,k0.5,2,"0,103702068",
36,Tween 80,Polymers,Mu0.1K0.5,Mu0.1,k0.5,2,"1,187115431",
36,α-Cyclodextrin,Polymers,Mu0.1K0.5,Mu0.1,k0.5,2,"1,347023248",
36,N-Acetyl-D-Glucosamina,Carbohydates,Mu0.1K0.5,Mu0.1,k0.5,2,"1,425446748",
36,T-Hydroxybutiric Acid,Carboxylic Acids,Mu0.1K0.5,Mu0.1,k0.5,2,0,
36,L-Threonine,Amino Acids,Mu0.1K0.5,Mu0.1,k0.5,2,"0,119164228",
36,Glycyl-L-Glutamic Acid,Amino Acids,Mu0.1K0.5,Mu0.1,k0.5,2,"0,722764015",
36,Itaconic Acid,Carboxylic Acids,Mu0.1K0.5,Mu0.1,k0.5,2,"0,658346176",
36,D-Glucosaminic Acid,Carboxylic Acids,Mu0.1K0.5,Mu0.1,k0.5,2,0,
36,Glycogen,Polymers,Mu0.1K0.5,Mu0.1,k0.5,2,"0,239317655",
36,D-Cellobiose,Carbohydates,Mu0.1K0.5,Mu0.1,k0.5,2,"1,566920519",
36,Glucose-1-Phosphate,Miscellaneous,Mu0.1K0.5,Mu0.1,k0.5,2,"0,008094787",
36,α-Kentocutyric Acid,Carboxylic Acids,Mu0.1K0.5,Mu0.1,k0.5,2,0,
36,Phenylethylamine,Amines/Amides,Mu0.1K0.5,Mu0.1,k0.5,2,"0,966751814",
36,Putrescina,Amines/Amides,Mu0.1K0.5,Mu0.1,k0.5,2,"1,184180259",
36,D-Malic Acid,Carboxylic Acids,Mu0.1K0.5,Mu0.1,k0.5,2,"0,568977952",
36,"D,L-α-Glycerolphosphate",Miscellaneous,Mu0.1K0.5,Mu0.1,k0.5,2,"0,985498428",
36,α-D-Lactose,Carbohydates,Mu0.1K0.5,Mu0.1,k0.5,2,"0,710945368",
38,Β-Methil-D-Glucoside,Carbohydates,Mu0.1K1,Mu0.1,k1,3,"1,252685309",
38,D-Galactonic Acid T-Lactose,Carboxylic Acids,Mu0.1K1,Mu0.1,k1,3,"1,191375494",
38,L-Arginine,Amino Acids,Mu0.1K1,Mu0.1,k1,3,"1,030041933",
38,L-Asparigine,Amino Acids,Mu0.1K1,Mu0.1,k1,3,"0,788770676",
38,D-Galactoronic Acid,Carboxylic Acids,Mu0.1K1,Mu0.1,k1,3,"0,683436871",
38,D-Xylose,Carbohydates,Mu0.1K1,Mu0.1,k1,3,"0,454073429",
38,Pyruvic Acid Methyl Ester,Miscellaneous,Mu0.1K1,Mu0.1,k1,3,"0,224058628",
38,Tween 40,Polymers,Mu0.1K1,Mu0.1,k1,3,"1,358635426",
38,I-Erythritol,Carbohydates,Mu0.1K1,Mu0.1,k1,3,"0,924439669",
38,2-Hydroxy Benzoic Acid,Carboxylic Acids,Mu0.1K1,Mu0.1,k1,3,0,
38,L-Phenylalanine,Amino Acids,Mu0.1K1,Mu0.1,k1,3,"0,522251845",
38,L-Serine,Amino Acids,Mu0.1K1,Mu0.1,k1,3,"1,564251662",
38,4-Hydroxy Benzoic Acid,Carboxylic Acids,Mu0.1K1,Mu0.1,k1,3,"1,590503454",
38,D-Mannitol,Carbohydates,Mu0.1K1,Mu0.1,k1,3,"1,473635435",
38,Tween 80,Polymers,Mu0.1K1,Mu0.1,k1,3,"1,316594363",
38,α-Cyclodextrin,Polymers,Mu0.1K1,Mu0.1,k1,3,"1,173574925",
38,N-Acetyl-D-Glucosamina,Carbohydates,Mu0.1K1,Mu0.1,k1,3,"1,901970148",
38,T-Hydroxybutiric Acid,Carboxylic Acids,Mu0.1K1,Mu0.1,k1,3,0,
38,L-Threonine,Amino Acids,Mu0.1K1,Mu0.1,k1,3,"0,36015296",
38,Glycyl-L-Glutamic Acid,Amino Acids,Mu0.1K1,Mu0.1,k1,3,"1,525337935",
38,Itaconic Acid,Carboxylic Acids,Mu0.1K1,Mu0.1,k1,3,"1,408242941",
38,D-Glucosaminic Acid,Carboxylic Acids,Mu0.1K1,Mu0.1,k1,3,"0,496513605",
38,Glycogen,Polymers,Mu0.1K1,Mu0.1,k1,3,"1,019574881",
38,D-Cellobiose,Carbohydates,Mu0.1K1,Mu0.1,k1,3,"1,94733119",
38,Glucose-1-Phosphate,Miscellaneous,Mu0.1K1,Mu0.1,k1,3,"1,157192469",
38,α-Kentocutyric Acid,Carboxylic Acids,Mu0.1K1,Mu0.1,k1,3,"0,558473826",
38,Phenylethylamine,Amines/Amides,Mu0.1K1,Mu0.1,k1,3,"0,6893816",
38,Putrescina,Amines/Amides,Mu0.1K1,Mu0.1,k1,3,"2,006676436",
38,D-Malic Acid,Carboxylic Acids,Mu0.1K1,Mu0.1,k1,3,0,
38,"D,L-α-Glycerolphosphate",Miscellaneous,Mu0.1K1,Mu0.1,k1,3,"0,565659166",
38,α-D-Lactose,Carbohydates,Mu0.1K1,Mu0.1,k1,3,"0,615701437",
40,Β-Methil-D-Glucoside,Carbohydates,Mu0.1K0.5,Mu0.1,k0.5,3,"0,759886742",
40,D-Galactonic Acid T-Lactose,Carboxylic Acids,Mu0.1K0.5,Mu0.1,k0.5,3,"0,339995623",
40,L-Arginine,Amino Acids,Mu0.1K0.5,Mu0.1,k0.5,3,"0,358415604",
40,L-Asparigine,Amino Acids,Mu0.1K0.5,Mu0.1,k0.5,3,"1,369209051",
40,D-Galactoronic Acid,Carboxylic Acids,Mu0.1K0.5,Mu0.1,k0.5,3,"1,145798445",
40,D-Xylose,Carbohydates,Mu0.1K0.5,Mu0.1,k0.5,3,"1,186761856",
40,Pyruvic Acid Methyl Ester,Miscellaneous,Mu0.1K0.5,Mu0.1,k0.5,3,"1,025835276",
40,Tween 40,Polymers,Mu0.1K0.5,Mu0.1,k0.5,3,"1,390966177",
40,I-Erythritol,Carbohydates,Mu0.1K0.5,Mu0.1,k0.5,3,"1,540674925",
40,2-Hydroxy Benzoic Acid,Carboxylic Acids,Mu0.1K0.5,Mu0.1,k0.5,3,0,
40,L-Phenylalanine,Amino Acids,Mu0.1K0.5,Mu0.1,k0.5,3,"0,414007664",
40,L-Serine,Amino Acids,Mu0.1K0.5,Mu0.1,k0.5,3,"1,484994173",
40,4-Hydroxy Benzoic Acid,Carboxylic Acids,Mu0.1K0.5,Mu0.1,k0.5,3,"1,642072678",
40,D-Mannitol,Carbohydates,Mu0.1K0.5,Mu0.1,k0.5,3,"1,239068747",
40,Tween 80,Polymers,Mu0.1K0.5,Mu0.1,k0.5,3,"1,148655177",
40,α-Cyclodextrin,Polymers,Mu0.1K0.5,Mu0.1,k0.5,3,"1,133285284",
40,N-Acetyl-D-Glucosamina,Carbohydates,Mu0.1K0.5,Mu0.1,k0.5,3,"1,600538969",
40,T-Hydroxybutiric Acid,Carboxylic Acids,Mu0.1K0.5,Mu0.1,k0.5,3,0,
40,L-Threonine,Amino Acids,Mu0.1K0.5,Mu0.1,k0.5,3,"0,233702064",
40,Glycyl-L-Glutamic Acid,Amino Acids,Mu0.1K0.5,Mu0.1,k0.5,3,"1,198107005",
40,Itaconic Acid,Carboxylic Acids,Mu0.1K0.5,Mu0.1,k0.5,3,"1,370794535",
40,D-Glucosaminic Acid,Carboxylic Acids,Mu0.1K0.5,Mu0.1,k0.5,3,"0,751507521",
40,Glycogen,Polymers,Mu0.1K0.5,Mu0.1,k0.5,3,"1,025847674",
40,D-Cellobiose,Carbohydates,Mu0.1K0.5,Mu0.1,k0.5,3,"1,750524283",
40,Glucose-1-Phosphate,Miscellaneous,Mu0.1K0.5,Mu0.1,k0.5,3,"0,805435419",
40,α-Kentocutyric Acid,Carboxylic Acids,Mu0.1K0.5,Mu0.1,k0.5,3,"0,578743458",
40,Phenylethylamine,Amines/Amides,Mu0.1K0.5,Mu0.1,k0.5,3,"0,349606753",
40,Putrescina,Amines/Amides,Mu0.1K0.5,Mu0.1,k0.5,3,"1,768084288",
40,D-Malic Acid,Carboxylic Acids,Mu0.1K0.5,Mu0.1,k0.5,3,"0,052517295",
40,"D,L-α-Glycerolphosphate",Miscellaneous,Mu0.1K0.5,Mu0.1,k0.5,3,"1,010548354",
40,α-D-Lactose,Carbohydates,Mu0.1K0.5,Mu0.1,k0.5,3,"0,879175902",
44,Β-Methil-D-Glucoside,Carbohydates,Mu0.1K0.5,Mu0.1,k0.5,3,0,
44,D-Galactonic Acid T-Lactose,Carboxylic Acids,Mu0.1K0.5,Mu0.1,k0.5,3,0,
44,L-Arginine,Amino Acids,Mu0.1K0.5,Mu0.1,k0.5,3,0,
44,L-Asparigine,Amino Acids,Mu0.1K0.5,Mu0.1,k0.5,3,"1,303238869",
44,D-Galactoronic Acid,Carboxylic Acids,Mu0.1K0.5,Mu0.1,k0.5,3,"1,468040466",
44,D-Xylose,Carbohydates,Mu0.1K0.5,Mu0.1,k0.5,3,"1,201942444",
44,Pyruvic Acid Methyl Ester,Miscellaneous,Mu0.1K0.5,Mu0.1,k0.5,3,"1,422145605",
44,Tween 40,Polymers,Mu0.1K0.5,Mu0.1,k0.5,3,"1,33922863",
44,I-Erythritol,Carbohydates,Mu0.1K0.5,Mu0.1,k0.5,3,"0,452015638",
44,2-Hydroxy Benzoic Acid,Carboxylic Acids,Mu0.1K0.5,Mu0.1,k0.5,3,"0,135898471",
44,L-Phenylalanine,Amino Acids,Mu0.1K0.5,Mu0.1,k0.5,3,"1,006052494",
44,L-Serine,Amino Acids,Mu0.1K0.5,Mu0.1,k0.5,3,"1,555924177",
44,4-Hydroxy Benzoic Acid,Carboxylic Acids,Mu0.1K0.5,Mu0.1,k0.5,3,"1,543297767",
44,D-Mannitol,Carbohydates,Mu0.1K0.5,Mu0.1,k0.5,3,"0,98219347",
44,Tween 80,Polymers,Mu0.1K0.5,Mu0.1,k0.5,3,"1,269301891",
44,α-Cyclodextrin,Polymers,Mu0.1K0.5,Mu0.1,k0.5,3,"1,183674335",
44,N-Acetyl-D-Glucosamina,Carbohydates,Mu0.1K0.5,Mu0.1,k0.5,3,"1,676353693",
44,T-Hydroxybutiric Acid,Carboxylic Acids,Mu0.1K0.5,Mu0.1,k0.5,3,"0,042552829",
44,L-Threonine,Amino Acids,Mu0.1K0.5,Mu0.1,k0.5,3,"0,709233284",
44,Glycyl-L-Glutamic Acid,Amino Acids,Mu0.1K0.5,Mu0.1,k0.5,3,"1,200965881",
44,Itaconic Acid,Carboxylic Acids,Mu0.1K0.5,Mu0.1,k0.5,3,"1,451987982",
44,D-Glucosaminic Acid,Carboxylic Acids,Mu0.1K0.5,Mu0.1,k0.5,3,"0,791230917",
44,Glycogen,Polymers,Mu0.1K0.5,Mu0.1,k0.5,3,"0,553823948",
44,D-Cellobiose,Carbohydates,Mu0.1K0.5,Mu0.1,k0.5,3,"1,720589161",
44,Glucose-1-Phosphate,Miscellaneous,Mu0.1K0.5,Mu0.1,k0.5,3,"1,079730511",
44,α-Kentocutyric Acid,Carboxylic Acids,Mu0.1K0.5,Mu0.1,k0.5,3,"0,350205898",
44,Phenylethylamine,Amines/Amides,Mu0.1K0.5,Mu0.1,k0.5,3,"0,824594498",
44,Putrescina,Amines/Amides,Mu0.1K0.5,Mu0.1,k0.5,3,"1,659101009",
44,D-Malic Acid,Carboxylic Acids,Mu0.1K0.5,Mu0.1,k0.5,3,"0,479548216",
44,"D,L-α-Glycerolphosphate",Miscellaneous,Mu0.1K0.5,Mu0.1,k0.5,3,"1,147892237",
44,α-D-Lactose,Carbohydates,Mu0.1K0.5,Mu0.1,k0.5,3,"0,669715881",
46,Β-Methil-D-Glucoside,Carbohydates,Mu1K1,Mu1,k1,2,"1,228917598",
46,D-Galactonic Acid T-Lactose,Carboxylic Acids,Mu1K1,Mu1,k1,2,"0,85906434",
46,L-Arginine,Amino Acids,Mu1K1,Mu1,k1,2,"1,084289073",
46,L-Asparigine,Amino Acids,Mu1K1,Mu1,k1,2,"0,77003026",
46,D-Galactoronic Acid,Carboxylic Acids,Mu1K1,Mu1,k1,2,"0,603722095",
46,D-Xylose,Carbohydates,Mu1K1,Mu1,k1,2,"0,397257089",
46,Pyruvic Acid Methyl Ester,Miscellaneous,Mu1K1,Mu1,k1,2,"0,134246587",
46,Tween 40,Polymers,Mu1K1,Mu1,k1,2,"1,514261245",
46,I-Erythritol,Carbohydates,Mu1K1,Mu1,k1,2,"0,910696506",
46,2-Hydroxy Benzoic Acid,Carboxylic Acids,Mu1K1,Mu1,k1,2,0,
46,L-Phenylalanine,Amino Acids,Mu1K1,Mu1,k1,2,"0,233520507",
46,L-Serine,Amino Acids,Mu1K1,Mu1,k1,2,"0,965785265",
46,4-Hydroxy Benzoic Acid,Carboxylic Acids,Mu1K1,Mu1,k1,2,"1,362962245",
46,D-Mannitol,Carbohydates,Mu1K1,Mu1,k1,2,"0,66740334",
46,Tween 80,Polymers,Mu1K1,Mu1,k1,2,"1,198050022",
46,α-Cyclodextrin,Polymers,Mu1K1,Mu1,k1,2,"0,965993642",
46,N-Acetyl-D-Glucosamina,Carbohydates,Mu1K1,Mu1,k1,2,"1,69094038",
46,T-Hydroxybutiric Acid,Carboxylic Acids,Mu1K1,Mu1,k1,2,"0,228318929",
46,L-Threonine,Amino Acids,Mu1K1,Mu1,k1,2,"0,134101867",
46,Glycyl-L-Glutamic Acid,Amino Acids,Mu1K1,Mu1,k1,2,"0,922689914",
46,Itaconic Acid,Carboxylic Acids,Mu1K1,Mu1,k1,2,"1,564609527",
46,D-Glucosaminic Acid,Carboxylic Acids,Mu1K1,Mu1,k1,2,"0,134164094",
46,Glycogen,Polymers,Mu1K1,Mu1,k1,2,"0,392969846",
46,D-Cellobiose,Carbohydates,Mu1K1,Mu1,k1,2,"1,807671546",
46,Glucose-1-Phosphate,Miscellaneous,Mu1K1,Mu1,k1,2,"0,922810792",
46,α-Kentocutyric Acid,Carboxylic Acids,Mu1K1,Mu1,k1,2,"0,224820137",
46,Phenylethylamine,Amines/Amides,Mu1K1,Mu1,k1,2,"0,150645494",
46,Putrescina,Amines/Amides,Mu1K1,Mu1,k1,2,"1,745959281",
46,D-Malic Acid,Carboxylic Acids,Mu1K1,Mu1,k1,2,0,
46,"D,L-α-Glycerolphosphate",Miscellaneous,Mu1K1,Mu1,k1,2,"0,630966901",
46,α-D-Lactose,Carbohydates,Mu1K1,Mu1,k1,2,"0,637931585",
49,Β-Methil-D-Glucoside,Carbohydates,Mu0.1K1,Mu0.1,k1,4,"1,362244367",
49,D-Galactonic Acid T-Lactose,Carboxylic Acids,Mu0.1K1,Mu0.1,k1,4,"0,646159649",
49,L-Arginine,Amino Acids,Mu0.1K1,Mu0.1,k1,4,"0,600464344",
49,L-Asparigine,Amino Acids,Mu0.1K1,Mu0.1,k1,4,"0,8838346",
49,D-Galactoronic Acid,Carboxylic Acids,Mu0.1K1,Mu0.1,k1,4,"0,758121967",
49,D-Xylose,Carbohydates,Mu0.1K1,Mu0.1,k1,4,"0,507386684",
49,Pyruvic Acid Methyl Ester,Miscellaneous,Mu0.1K1,Mu0.1,k1,4,"0,236828327",
49,Tween 40,Polymers,Mu0.1K1,Mu0.1,k1,4,"0,51977539",
49,I-Erythritol,Carbohydates,Mu0.1K1,Mu0.1,k1,4,"1,427236557",
49,2-Hydroxy Benzoic Acid,Carboxylic Acids,Mu0.1K1,Mu0.1,k1,4,0,
49,L-Phenylalanine,Amino Acids,Mu0.1K1,Mu0.1,k1,4,"0,404992938",
49,L-Serine,Amino Acids,Mu0.1K1,Mu0.1,k1,4,"1,549971819",
49,4-Hydroxy Benzoic Acid,Carboxylic Acids,Mu0.1K1,Mu0.1,k1,4,"1,610358476",
49,D-Mannitol,Carbohydates,Mu0.1K1,Mu0.1,k1,4,"1,518561124",
49,Tween 80,Polymers,Mu0.1K1,Mu0.1,k1,4,"1,308717012",
49,α-Cyclodextrin,Polymers,Mu0.1K1,Mu0.1,k1,4,"0,449749946",
49,N-Acetyl-D-Glucosamina,Carbohydates,Mu0.1K1,Mu0.1,k1,4,"0,353072643",
49,T-Hydroxybutiric Acid,Carboxylic Acids,Mu0.1K1,Mu0.1,k1,4,"0,17609334",
49,L-Threonine,Amino Acids,Mu0.1K1,Mu0.1,k1,4,0,
49,Glycyl-L-Glutamic Acid,Amino Acids,Mu0.1K1,Mu0.1,k1,4,"1,117161035",
49,Itaconic Acid,Carboxylic Acids,Mu0.1K1,Mu0.1,k1,4,"0,720990419",
49,D-Glucosaminic Acid,Carboxylic Acids,Mu0.1K1,Mu0.1,k1,4,"1,290863752",
49,Glycogen,Polymers,Mu0.1K1,Mu0.1,k1,4,"0,547467947",
49,D-Cellobiose,Carbohydates,Mu0.1K1,Mu0.1,k1,4,"0,447420477",
49,Glucose-1-Phosphate,Miscellaneous,Mu0.1K1,Mu0.1,k1,4,"0,077899932",
49,α-Kentocutyric Acid,Carboxylic Acids,Mu0.1K1,Mu0.1,k1,4,0,
49,Phenylethylamine,Amines/Amides,Mu0.1K1,Mu0.1,k1,4,"1,93856883",
49,Putrescina,Amines/Amides,Mu0.1K1,Mu0.1,k1,4,"1,811870336",
49,D-Malic Acid,Carboxylic Acids,Mu0.1K1,Mu0.1,k1,4,"0,211023569",
49,"D,L-α-Glycerolphosphate",Miscellaneous,Mu0.1K1,Mu0.1,k1,4,"0,425858974",
49,α-D-Lactose,Carbohydates,Mu0.1K1,Mu0.1,k1,4,"0,861080885",
51,Β-Methil-D-Glucoside,Carbohydates,Mu1K1,Mu1,k1,2,"0,592098355",
51,D-Galactonic Acid T-Lactose,Carboxylic Acids,Mu1K1,Mu1,k1,2,"0,215996623",
51,L-Arginine,Amino Acids,Mu1K1,Mu1,k1,2,"0,119240641",
51,L-Asparigine,Amino Acids,Mu1K1,Mu1,k1,2,"0,591950774",
51,D-Galactoronic Acid,Carboxylic Acids,Mu1K1,Mu1,k1,2,"0,969270587",
51,D-Xylose,Carbohydates,Mu1K1,Mu1,k1,2,"0,962628722",
51,Pyruvic Acid Methyl Ester,Miscellaneous,Mu1K1,Mu1,k1,2,"0,819026827",
51,Tween 40,Polymers,Mu1K1,Mu1,k1,2,"0,377937555",
51,I-Erythritol,Carbohydates,Mu1K1,Mu1,k1,2,0,
51,2-Hydroxy Benzoic Acid,Carboxylic Acids,Mu1K1,Mu1,k1,2,0,
51,L-Phenylalanine,Amino Acids,Mu1K1,Mu1,k1,2,0,
51,L-Serine,Amino Acids,Mu1K1,Mu1,k1,2,"0,81898868",
51,4-Hydroxy Benzoic Acid,Carboxylic Acids,Mu1K1,Mu1,k1,2,"1,423903823",
51,D-Mannitol,Carbohydates,Mu1K1,Mu1,k1,2,"0,257611632",
51,Tween 80,Polymers,Mu1K1,Mu1,k1,2,"1,133665919",
51,α-Cyclodextrin,Polymers,Mu1K1,Mu1,k1,2,"0,66233766",
51,N-Acetyl-D-Glucosamina,Carbohydates,Mu1K1,Mu1,k1,2,"1,341319441",
51,T-Hydroxybutiric Acid,Carboxylic Acids,Mu1K1,Mu1,k1,2,0,
51,L-Threonine,Amino Acids,Mu1K1,Mu1,k1,2,0,
51,Glycyl-L-Glutamic Acid,Amino Acids,Mu1K1,Mu1,k1,2,"0,167351365",
51,Itaconic Acid,Carboxylic Acids,Mu1K1,Mu1,k1,2,"1,17252171",
51,D-Glucosaminic Acid,Carboxylic Acids,Mu1K1,Mu1,k1,2,0,
51,Glycogen,Polymers,Mu1K1,Mu1,k1,2,0,
51,D-Cellobiose,Carbohydates,Mu1K1,Mu1,k1,2,"1,400879264",
51,Glucose-1-Phosphate,Miscellaneous,Mu1K1,Mu1,k1,2,"0,822794795",
51,α-Kentocutyric Acid,Carboxylic Acids,Mu1K1,Mu1,k1,2,0,
51,Phenylethylamine,Amines/Amides,Mu1K1,Mu1,k1,2,0,
51,Putrescina,Amines/Amides,Mu1K1,Mu1,k1,2,"1,57063353",
51,D-Malic Acid,Carboxylic Acids,Mu1K1,Mu1,k1,2,"0,386586904",
51,"D,L-α-Glycerolphosphate",Miscellaneous,Mu1K1,Mu1,k1,2,"1,172341704",
51,α-D-Lactose,Carbohydates,Mu1K1,Mu1,k1,2,"0,601771712",
52,Β-Methil-D-Glucoside,Carbohydates,Mu1K0.5,Mu1,k0.5,3,"0,364169121",
52,D-Galactonic Acid T-Lactose,Carboxylic Acids,Mu1K0.5,Mu1,k0.5,3,"0,791241884",
52,L-Arginine,Amino Acids,Mu1K0.5,Mu1,k0.5,3,"1,14287281",
52,L-Asparigine,Amino Acids,Mu1K0.5,Mu1,k0.5,3,"0,910284758",
52,D-Galactoronic Acid,Carboxylic Acids,Mu1K0.5,Mu1,k0.5,3,"0,697161555",
52,D-Xylose,Carbohydates,Mu1K0.5,Mu1,k0.5,3,"0,55336976",
52,Pyruvic Acid Methyl Ester,Miscellaneous,Mu1K0.5,Mu1,k0.5,3,"0,3201859",
52,Tween 40,Polymers,Mu1K0.5,Mu1,k0.5,3,"1,543287754",
52,I-Erythritol,Carbohydates,Mu1K0.5,Mu1,k0.5,3,"1,274819612",
52,2-Hydroxy Benzoic Acid,Carboxylic Acids,Mu1K0.5,Mu1,k0.5,3,0,
52,L-Phenylalanine,Amino Acids,Mu1K0.5,Mu1,k0.5,3,0,
52,L-Serine,Amino Acids,Mu1K0.5,Mu1,k0.5,3,"1,349857092",
52,4-Hydroxy Benzoic Acid,Carboxylic Acids,Mu1K0.5,Mu1,k0.5,3,"1,588678598",
52,D-Mannitol,Carbohydates,Mu1K0.5,Mu1,k0.5,3,"1,408862829",
52,Tween 80,Polymers,Mu1K0.5,Mu1,k0.5,3,"0,455721617",
52,α-Cyclodextrin,Polymers,Mu1K0.5,Mu1,k0.5,3,"1,569835901",
52,N-Acetyl-D-Glucosamina,Carbohydates,Mu1K0.5,Mu1,k0.5,3,"1,99150157",
52,T-Hydroxybutiric Acid,Carboxylic Acids,Mu1K0.5,Mu1,k0.5,3,0,
52,L-Threonine,Amino Acids,Mu1K0.5,Mu1,k0.5,3,"0,801283836",
52,Glycyl-L-Glutamic Acid,Amino Acids,Mu1K0.5,Mu1,k0.5,3,"1,43029046",
52,Itaconic Acid,Carboxylic Acids,Mu1K0.5,Mu1,k0.5,3,"1,467961073",
52,D-Glucosaminic Acid,Carboxylic Acids,Mu1K0.5,Mu1,k0.5,3,"0,666819572",
52,Glycogen,Polymers,Mu1K0.5,Mu1,k0.5,3,"0,215572476",
52,D-Cellobiose,Carbohydates,Mu1K0.5,Mu1,k0.5,3,"1,983837843",
52,Glucose-1-Phosphate,Miscellaneous,Mu1K0.5,Mu1,k0.5,3,"1,297034979",
52,α-Kentocutyric Acid,Carboxylic Acids,Mu1K0.5,Mu1,k0.5,3,0,
52,Phenylethylamine,Amines/Amides,Mu1K0.5,Mu1,k0.5,3,"0,182859421",
52,Putrescina,Amines/Amides,Mu1K0.5,Mu1,k0.5,3,"1,880206823",
52,D-Malic Acid,Carboxylic Acids,Mu1K0.5,Mu1,k0.5,3,"0,318052292",
52,"D,L-α-Glycerolphosphate",Miscellaneous,Mu1K0.5,Mu1,k0.5,3,0,
52,α-D-Lactose,Carbohydates,Mu1K0.5,Mu1,k0.5,3,0,
